,education,occipital_temp_med_Lingual_Sulc_AreaL_DS
0,1.4838006232981675e-42,0.008372452752988731
1,5.211718253815543e-41,0.007914245174440254
